module_id,title,subtitle,domain,category,status
COND-001,Hypertension,"What hypertension is, causes, risk factors, symptoms, evaluation, management, lifestyle considerations, and safety.",Medical Conditions,Cardiovascular Conditions,draft-generated
COND-002,High LDL Cholesterol,"What high ldl cholesterol is, causes, risk factors, symptoms, evaluation, management, lifestyle considerations, and safety.",Medical Conditions,Cardiovascular Conditions,draft-generated
COND-003,High Triglycerides,"What high triglycerides is, causes, risk factors, symptoms, evaluation, management, lifestyle considerations, and safety.",Medical Conditions,Cardiovascular Conditions,draft-generated
COND-004,Atherosclerosis,"What atherosclerosis is, causes, risk factors, symptoms, evaluation, management, lifestyle considerations, and safety.",Medical Conditions,Cardiovascular Conditions,draft-generated
COND-005,Coronary Artery Disease,"What coronary artery disease is, causes, risk factors, symptoms, evaluation, management, lifestyle considerations, and safety.",Medical Conditions,Cardiovascular Conditions,draft-generated
COND-006,Angina,"What angina is, causes, risk factors, symptoms, evaluation, management, lifestyle considerations, and safety.",Medical Conditions,Cardiovascular Conditions,draft-generated
COND-007,Heart Attack,"What heart attack is, causes, risk factors, symptoms, evaluation, management, lifestyle considerations, and safety.",Medical Conditions,Cardiovascular Conditions,draft-generated
COND-008,Heart Failure,"What heart failure is, causes, risk factors, symptoms, evaluation, management, lifestyle considerations, and safety.",Medical Conditions,Cardiovascular Conditions,draft-generated
COND-009,Atrial Fibrillation,"What atrial fibrillation is, causes, risk factors, symptoms, evaluation, management, lifestyle considerations, and safety.",Medical Conditions,Cardiovascular Conditions,draft-generated
COND-010,Supraventricular Tachycardia,"What supraventricular tachycardia is, causes, risk factors, symptoms, evaluation, management, lifestyle considerations, and safety.",Medical Conditions,Cardiovascular Conditions,draft-generated
COND-011,Bradycardia,"What bradycardia is, causes, risk factors, symptoms, evaluation, management, lifestyle considerations, and safety.",Medical Conditions,Cardiovascular Conditions,draft-generated
COND-012,Heart Valve Disease,"What heart valve disease is, causes, risk factors, symptoms, evaluation, management, lifestyle considerations, and safety.",Medical Conditions,Cardiovascular Conditions,draft-generated
COND-013,Aortic Aneurysm,"What aortic aneurysm is, causes, risk factors, symptoms, evaluation, management, lifestyle considerations, and safety.",Medical Conditions,Cardiovascular Conditions,draft-generated
COND-014,Peripheral Artery Disease,"What peripheral artery disease is, causes, risk factors, symptoms, evaluation, management, lifestyle considerations, and safety.",Medical Conditions,Cardiovascular Conditions,draft-generated
COND-015,Deep Vein Thrombosis,"What deep vein thrombosis is, causes, risk factors, symptoms, evaluation, management, lifestyle considerations, and safety.",Medical Conditions,Cardiovascular Conditions,draft-generated
COND-016,Pulmonary Embolism,"What pulmonary embolism is, causes, risk factors, symptoms, evaluation, management, lifestyle considerations, and safety.",Medical Conditions,Cardiovascular Conditions,draft-generated
COND-017,Varicose Veins,"What varicose veins is, causes, risk factors, symptoms, evaluation, management, lifestyle considerations, and safety.",Medical Conditions,Cardiovascular Conditions,draft-generated
COND-018,Postural Hypotension,"What postural hypotension is, causes, risk factors, symptoms, evaluation, management, lifestyle considerations, and safety.",Medical Conditions,Cardiovascular Conditions,draft-generated
COND-019,Cardiomyopathy,"What cardiomyopathy is, causes, risk factors, symptoms, evaluation, management, lifestyle considerations, and safety.",Medical Conditions,Cardiovascular Conditions,draft-generated
COND-020,Pericarditis,"What pericarditis is, causes, risk factors, symptoms, evaluation, management, lifestyle considerations, and safety.",Medical Conditions,Cardiovascular Conditions,draft-generated
COND-021,Endocarditis,"What endocarditis is, causes, risk factors, symptoms, evaluation, management, lifestyle considerations, and safety.",Medical Conditions,Cardiovascular Conditions,draft-generated
COND-022,Stroke,"What stroke is, causes, risk factors, symptoms, evaluation, management, lifestyle considerations, and safety.",Medical Conditions,Cardiovascular Conditions,draft-generated
COND-023,Transient Ischemic Attack,"What transient ischemic attack is, causes, risk factors, symptoms, evaluation, management, lifestyle considerations, and safety.",Medical Conditions,Cardiovascular Conditions,draft-generated
COND-024,Carotid Artery Disease,"What carotid artery disease is, causes, risk factors, symptoms, evaluation, management, lifestyle considerations, and safety.",Medical Conditions,Cardiovascular Conditions,draft-generated
COND-025,Raynaud Phenomenon,"What raynaud phenomenon is, causes, risk factors, symptoms, evaluation, management, lifestyle considerations, and safety.",Medical Conditions,Cardiovascular Conditions,draft-generated
COND-026,Venous Insufficiency,"What venous insufficiency is, causes, risk factors, symptoms, evaluation, management, lifestyle considerations, and safety.",Medical Conditions,Cardiovascular Conditions,draft-generated
COND-027,Pulmonary Hypertension,"What pulmonary hypertension is, causes, risk factors, symptoms, evaluation, management, lifestyle considerations, and safety.",Medical Conditions,Cardiovascular Conditions,draft-generated
COND-028,Congenital Heart Disease in Adults,"What congenital heart disease in adults is, causes, risk factors, symptoms, evaluation, management, lifestyle considerations, and safety.",Medical Conditions,Cardiovascular Conditions,draft-generated
COND-029,Metabolic Cardiovascular Risk,"What metabolic cardiovascular risk is, causes, risk factors, symptoms, evaluation, management, lifestyle considerations, and safety.",Medical Conditions,Cardiovascular Conditions,draft-generated
COND-030,Cardiovascular Disease in South Asians,"What cardiovascular disease in south asians is, causes, risk factors, symptoms, evaluation, management, lifestyle considerations, and safety.",Medical Conditions,Cardiovascular Conditions,draft-generated
COND-031,Prediabetes,"What prediabetes is, causes, risk factors, symptoms, evaluation, management, lifestyle considerations, and safety.",Medical Conditions,Metabolic and Endocrine,draft-generated
COND-032,Type 2 Diabetes,"What type 2 diabetes is, causes, risk factors, symptoms, evaluation, management, lifestyle considerations, and safety.",Medical Conditions,Metabolic and Endocrine,draft-generated
COND-033,Type 1 Diabetes,"What type 1 diabetes is, causes, risk factors, symptoms, evaluation, management, lifestyle considerations, and safety.",Medical Conditions,Metabolic and Endocrine,draft-generated
COND-034,Insulin Resistance,"What insulin resistance is, causes, risk factors, symptoms, evaluation, management, lifestyle considerations, and safety.",Medical Conditions,Metabolic and Endocrine,draft-generated
COND-035,Metabolic Syndrome,"What metabolic syndrome is, causes, risk factors, symptoms, evaluation, management, lifestyle considerations, and safety.",Medical Conditions,Metabolic and Endocrine,draft-generated
COND-036,Obesity,"What obesity is, causes, risk factors, symptoms, evaluation, management, lifestyle considerations, and safety.",Medical Conditions,Metabolic and Endocrine,draft-generated
COND-037,Overweight,"What overweight is, causes, risk factors, symptoms, evaluation, management, lifestyle considerations, and safety.",Medical Conditions,Metabolic and Endocrine,draft-generated
COND-038,Hypoglycemia,"What hypoglycemia is, causes, risk factors, symptoms, evaluation, management, lifestyle considerations, and safety.",Medical Conditions,Metabolic and Endocrine,draft-generated
COND-039,Hyperglycemia,"What hyperglycemia is, causes, risk factors, symptoms, evaluation, management, lifestyle considerations, and safety.",Medical Conditions,Metabolic and Endocrine,draft-generated
COND-040,Diabetic Neuropathy,"What diabetic neuropathy is, causes, risk factors, symptoms, evaluation, management, lifestyle considerations, and safety.",Medical Conditions,Metabolic and Endocrine,draft-generated
COND-041,Diabetic Retinopathy,"What diabetic retinopathy is, causes, risk factors, symptoms, evaluation, management, lifestyle considerations, and safety.",Medical Conditions,Metabolic and Endocrine,draft-generated
COND-042,Diabetic Kidney Disease,"What diabetic kidney disease is, causes, risk factors, symptoms, evaluation, management, lifestyle considerations, and safety.",Medical Conditions,Metabolic and Endocrine,draft-generated
COND-043,Hypothyroidism,"What hypothyroidism is, causes, risk factors, symptoms, evaluation, management, lifestyle considerations, and safety.",Medical Conditions,Metabolic and Endocrine,draft-generated
COND-044,Hyperthyroidism,"What hyperthyroidism is, causes, risk factors, symptoms, evaluation, management, lifestyle considerations, and safety.",Medical Conditions,Metabolic and Endocrine,draft-generated
COND-045,Hashimoto Thyroiditis,"What hashimoto thyroiditis is, causes, risk factors, symptoms, evaluation, management, lifestyle considerations, and safety.",Medical Conditions,Metabolic and Endocrine,draft-generated
COND-046,Graves Disease,"What graves disease is, causes, risk factors, symptoms, evaluation, management, lifestyle considerations, and safety.",Medical Conditions,Metabolic and Endocrine,draft-generated
COND-047,Thyroid Nodules,"What thyroid nodules is, causes, risk factors, symptoms, evaluation, management, lifestyle considerations, and safety.",Medical Conditions,Metabolic and Endocrine,draft-generated
COND-048,Goiter,"What goiter is, causes, risk factors, symptoms, evaluation, management, lifestyle considerations, and safety.",Medical Conditions,Metabolic and Endocrine,draft-generated
COND-049,Cushing Syndrome,"What cushing syndrome is, causes, risk factors, symptoms, evaluation, management, lifestyle considerations, and safety.",Medical Conditions,Metabolic and Endocrine,draft-generated
COND-050,Adrenal Insufficiency,"What adrenal insufficiency is, causes, risk factors, symptoms, evaluation, management, lifestyle considerations, and safety.",Medical Conditions,Metabolic and Endocrine,draft-generated
COND-051,Polycystic Ovary Syndrome,"What polycystic ovary syndrome is, causes, risk factors, symptoms, evaluation, management, lifestyle considerations, and safety.",Medical Conditions,Metabolic and Endocrine,draft-generated
COND-052,Gout,"What gout is, causes, risk factors, symptoms, evaluation, management, lifestyle considerations, and safety.",Medical Conditions,Metabolic and Endocrine,draft-generated
COND-053,Hyperuricemia,"What hyperuricemia is, causes, risk factors, symptoms, evaluation, management, lifestyle considerations, and safety.",Medical Conditions,Metabolic and Endocrine,draft-generated
COND-054,Hemochromatosis,"What hemochromatosis is, causes, risk factors, symptoms, evaluation, management, lifestyle considerations, and safety.",Medical Conditions,Metabolic and Endocrine,draft-generated
COND-055,Metabolic Dysfunction-Associated Steatotic Liver Disease,"What metabolic dysfunction-associated steatotic liver disease is, causes, risk factors, symptoms, evaluation, management, lifestyle considerations, and safety.",Medical Conditions,Metabolic and Endocrine,draft-generated
COND-056,Lipodystrophy,"What lipodystrophy is, causes, risk factors, symptoms, evaluation, management, lifestyle considerations, and safety.",Medical Conditions,Metabolic and Endocrine,draft-generated
COND-057,Hyperparathyroidism,"What hyperparathyroidism is, causes, risk factors, symptoms, evaluation, management, lifestyle considerations, and safety.",Medical Conditions,Metabolic and Endocrine,draft-generated
COND-058,Hypoparathyroidism,"What hypoparathyroidism is, causes, risk factors, symptoms, evaluation, management, lifestyle considerations, and safety.",Medical Conditions,Metabolic and Endocrine,draft-generated
COND-059,Vitamin D Deficiency,"What vitamin d deficiency is, causes, risk factors, symptoms, evaluation, management, lifestyle considerations, and safety.",Medical Conditions,Metabolic and Endocrine,draft-generated
COND-060,Iron Deficiency,"What iron deficiency is, causes, risk factors, symptoms, evaluation, management, lifestyle considerations, and safety.",Medical Conditions,Metabolic and Endocrine,draft-generated
COND-061,Asthma,"What asthma is, causes, risk factors, symptoms, evaluation, management, lifestyle considerations, and safety.",Medical Conditions,Respiratory and Sleep,draft-generated
COND-062,Chronic Obstructive Pulmonary Disease,"What chronic obstructive pulmonary disease is, causes, risk factors, symptoms, evaluation, management, lifestyle considerations, and safety.",Medical Conditions,Respiratory and Sleep,draft-generated
COND-063,Chronic Bronchitis,"What chronic bronchitis is, causes, risk factors, symptoms, evaluation, management, lifestyle considerations, and safety.",Medical Conditions,Respiratory and Sleep,draft-generated
COND-064,Emphysema,"What emphysema is, causes, risk factors, symptoms, evaluation, management, lifestyle considerations, and safety.",Medical Conditions,Respiratory and Sleep,draft-generated
COND-065,Pneumonia,"What pneumonia is, causes, risk factors, symptoms, evaluation, management, lifestyle considerations, and safety.",Medical Conditions,Respiratory and Sleep,draft-generated
COND-066,Bronchitis,"What bronchitis is, causes, risk factors, symptoms, evaluation, management, lifestyle considerations, and safety.",Medical Conditions,Respiratory and Sleep,pending
COND-067,COVID-19,"What covid-19 is, causes, risk factors, symptoms, evaluation, management, lifestyle considerations, and safety.",Medical Conditions,Respiratory and Sleep,pending
COND-068,Long COVID,"What long covid is, causes, risk factors, symptoms, evaluation, management, lifestyle considerations, and safety.",Medical Conditions,Respiratory and Sleep,pending
COND-069,Influenza,"What influenza is, causes, risk factors, symptoms, evaluation, management, lifestyle considerations, and safety.",Medical Conditions,Respiratory and Sleep,pending
COND-070,Tuberculosis,"What tuberculosis is, causes, risk factors, symptoms, evaluation, management, lifestyle considerations, and safety.",Medical Conditions,Respiratory and Sleep,pending
COND-071,Obstructive Sleep Apnea,"What obstructive sleep apnea is, causes, risk factors, symptoms, evaluation, management, lifestyle considerations, and safety.",Medical Conditions,Respiratory and Sleep,pending
COND-072,Central Sleep Apnea,"What central sleep apnea is, causes, risk factors, symptoms, evaluation, management, lifestyle considerations, and safety.",Medical Conditions,Respiratory and Sleep,pending
COND-073,Insomnia,"What insomnia is, causes, risk factors, symptoms, evaluation, management, lifestyle considerations, and safety.",Medical Conditions,Respiratory and Sleep,pending
COND-074,Restless Legs Syndrome,"What restless legs syndrome is, causes, risk factors, symptoms, evaluation, management, lifestyle considerations, and safety.",Medical Conditions,Respiratory and Sleep,pending
COND-075,Narcolepsy,"What narcolepsy is, causes, risk factors, symptoms, evaluation, management, lifestyle considerations, and safety.",Medical Conditions,Respiratory and Sleep,pending
COND-076,Chronic Cough,"What chronic cough is, causes, risk factors, symptoms, evaluation, management, lifestyle considerations, and safety.",Medical Conditions,Respiratory and Sleep,pending
COND-077,Allergic Rhinitis,"What allergic rhinitis is, causes, risk factors, symptoms, evaluation, management, lifestyle considerations, and safety.",Medical Conditions,Respiratory and Sleep,pending
COND-078,Sinusitis,"What sinusitis is, causes, risk factors, symptoms, evaluation, management, lifestyle considerations, and safety.",Medical Conditions,Respiratory and Sleep,pending
COND-079,Pulmonary Fibrosis,"What pulmonary fibrosis is, causes, risk factors, symptoms, evaluation, management, lifestyle considerations, and safety.",Medical Conditions,Respiratory and Sleep,pending
COND-080,Bronchiectasis,"What bronchiectasis is, causes, risk factors, symptoms, evaluation, management, lifestyle considerations, and safety.",Medical Conditions,Respiratory and Sleep,pending
COND-081,Pleural Effusion,"What pleural effusion is, causes, risk factors, symptoms, evaluation, management, lifestyle considerations, and safety.",Medical Conditions,Respiratory and Sleep,pending
COND-082,Pneumothorax,"What pneumothorax is, causes, risk factors, symptoms, evaluation, management, lifestyle considerations, and safety.",Medical Conditions,Respiratory and Sleep,pending
COND-083,Lung Cancer,"What lung cancer is, causes, risk factors, symptoms, evaluation, management, lifestyle considerations, and safety.",Medical Conditions,Respiratory and Sleep,pending
COND-084,Occupational Lung Disease,"What occupational lung disease is, causes, risk factors, symptoms, evaluation, management, lifestyle considerations, and safety.",Medical Conditions,Respiratory and Sleep,pending
COND-085,Exercise-Induced Bronchoconstriction,"What exercise-induced bronchoconstriction is, causes, risk factors, symptoms, evaluation, management, lifestyle considerations, and safety.",Medical Conditions,Respiratory and Sleep,pending
COND-086,Hypoxemia,"What hypoxemia is, causes, risk factors, symptoms, evaluation, management, lifestyle considerations, and safety.",Medical Conditions,Respiratory and Sleep,pending
COND-087,Hyperventilation Syndrome,"What hyperventilation syndrome is, causes, risk factors, symptoms, evaluation, management, lifestyle considerations, and safety.",Medical Conditions,Respiratory and Sleep,pending
COND-088,Snoring,"What snoring is, causes, risk factors, symptoms, evaluation, management, lifestyle considerations, and safety.",Medical Conditions,Respiratory and Sleep,pending
COND-089,Shift Work Sleep Disorder,"What shift work sleep disorder is, causes, risk factors, symptoms, evaluation, management, lifestyle considerations, and safety.",Medical Conditions,Respiratory and Sleep,pending
COND-090,Circadian Rhythm Sleep-Wake Disorders,"What circadian rhythm sleep-wake disorders is, causes, risk factors, symptoms, evaluation, management, lifestyle considerations, and safety.",Medical Conditions,Respiratory and Sleep,pending
COND-091,Gastroesophageal Reflux Disease,"What gastroesophageal reflux disease is, causes, risk factors, symptoms, evaluation, management, lifestyle considerations, and safety.",Medical Conditions,Digestive and Liver,pending
COND-092,Peptic Ulcer Disease,"What peptic ulcer disease is, causes, risk factors, symptoms, evaluation, management, lifestyle considerations, and safety.",Medical Conditions,Digestive and Liver,pending
COND-093,H. pylori Infection,"What h. pylori infection is, causes, risk factors, symptoms, evaluation, management, lifestyle considerations, and safety.",Medical Conditions,Digestive and Liver,pending
COND-094,Gastritis,"What gastritis is, causes, risk factors, symptoms, evaluation, management, lifestyle considerations, and safety.",Medical Conditions,Digestive and Liver,pending
COND-095,Irritable Bowel Syndrome,"What irritable bowel syndrome is, causes, risk factors, symptoms, evaluation, management, lifestyle considerations, and safety.",Medical Conditions,Digestive and Liver,pending
COND-096,Inflammatory Bowel Disease,"What inflammatory bowel disease is, causes, risk factors, symptoms, evaluation, management, lifestyle considerations, and safety.",Medical Conditions,Digestive and Liver,pending
COND-097,Crohn Disease,"What crohn disease is, causes, risk factors, symptoms, evaluation, management, lifestyle considerations, and safety.",Medical Conditions,Digestive and Liver,pending
COND-098,Ulcerative Colitis,"What ulcerative colitis is, causes, risk factors, symptoms, evaluation, management, lifestyle considerations, and safety.",Medical Conditions,Digestive and Liver,pending
COND-099,Celiac Disease,"What celiac disease is, causes, risk factors, symptoms, evaluation, management, lifestyle considerations, and safety.",Medical Conditions,Digestive and Liver,pending
COND-100,Lactose Intolerance,"What lactose intolerance is, causes, risk factors, symptoms, evaluation, management, lifestyle considerations, and safety.",Medical Conditions,Digestive and Liver,pending
COND-101,Constipation,"What constipation is, causes, risk factors, symptoms, evaluation, management, lifestyle considerations, and safety.",Medical Conditions,Digestive and Liver,pending
COND-102,Chronic Diarrhea,"What chronic diarrhea is, causes, risk factors, symptoms, evaluation, management, lifestyle considerations, and safety.",Medical Conditions,Digestive and Liver,pending
COND-103,Diverticulosis,"What diverticulosis is, causes, risk factors, symptoms, evaluation, management, lifestyle considerations, and safety.",Medical Conditions,Digestive and Liver,pending
COND-104,Diverticulitis,"What diverticulitis is, causes, risk factors, symptoms, evaluation, management, lifestyle considerations, and safety.",Medical Conditions,Digestive and Liver,pending
COND-105,Hemorrhoids,"What hemorrhoids is, causes, risk factors, symptoms, evaluation, management, lifestyle considerations, and safety.",Medical Conditions,Digestive and Liver,pending
COND-106,Gallstones,"What gallstones is, causes, risk factors, symptoms, evaluation, management, lifestyle considerations, and safety.",Medical Conditions,Digestive and Liver,pending
COND-107,Cholecystitis,"What cholecystitis is, causes, risk factors, symptoms, evaluation, management, lifestyle considerations, and safety.",Medical Conditions,Digestive and Liver,pending
COND-108,Pancreatitis,"What pancreatitis is, causes, risk factors, symptoms, evaluation, management, lifestyle considerations, and safety.",Medical Conditions,Digestive and Liver,pending
COND-109,Fatty Liver Disease,"What fatty liver disease is, causes, risk factors, symptoms, evaluation, management, lifestyle considerations, and safety.",Medical Conditions,Digestive and Liver,pending
COND-110,Alcohol-Related Liver Disease,"What alcohol-related liver disease is, causes, risk factors, symptoms, evaluation, management, lifestyle considerations, and safety.",Medical Conditions,Digestive and Liver,pending
COND-111,Viral Hepatitis,"What viral hepatitis is, causes, risk factors, symptoms, evaluation, management, lifestyle considerations, and safety.",Medical Conditions,Digestive and Liver,pending
COND-112,Cirrhosis,"What cirrhosis is, causes, risk factors, symptoms, evaluation, management, lifestyle considerations, and safety.",Medical Conditions,Digestive and Liver,pending
COND-113,Liver Cancer,"What liver cancer is, causes, risk factors, symptoms, evaluation, management, lifestyle considerations, and safety.",Medical Conditions,Digestive and Liver,pending
COND-114,Colon Polyps,"What colon polyps is, causes, risk factors, symptoms, evaluation, management, lifestyle considerations, and safety.",Medical Conditions,Digestive and Liver,pending
COND-115,Colorectal Cancer,"What colorectal cancer is, causes, risk factors, symptoms, evaluation, management, lifestyle considerations, and safety.",Medical Conditions,Digestive and Liver,pending
COND-116,Stomach Cancer,"What stomach cancer is, causes, risk factors, symptoms, evaluation, management, lifestyle considerations, and safety.",Medical Conditions,Digestive and Liver,pending
COND-117,Pancreatic Cancer,"What pancreatic cancer is, causes, risk factors, symptoms, evaluation, management, lifestyle considerations, and safety.",Medical Conditions,Digestive and Liver,pending
COND-118,Esophageal Cancer,"What esophageal cancer is, causes, risk factors, symptoms, evaluation, management, lifestyle considerations, and safety.",Medical Conditions,Digestive and Liver,pending
COND-119,Food Intolerance,"What food intolerance is, causes, risk factors, symptoms, evaluation, management, lifestyle considerations, and safety.",Medical Conditions,Digestive and Liver,pending
COND-120,Small Intestinal Bacterial Overgrowth,"What small intestinal bacterial overgrowth is, causes, risk factors, symptoms, evaluation, management, lifestyle considerations, and safety.",Medical Conditions,Digestive and Liver,pending
COND-121,Chronic Kidney Disease,"What chronic kidney disease is, causes, risk factors, symptoms, evaluation, management, lifestyle considerations, and safety.",Medical Conditions,Kidney and Urinary,pending
COND-122,Acute Kidney Injury,"What acute kidney injury is, causes, risk factors, symptoms, evaluation, management, lifestyle considerations, and safety.",Medical Conditions,Kidney and Urinary,pending
COND-123,Kidney Stones,"What kidney stones is, causes, risk factors, symptoms, evaluation, management, lifestyle considerations, and safety.",Medical Conditions,Kidney and Urinary,pending
COND-124,Urinary Tract Infection,"What urinary tract infection is, causes, risk factors, symptoms, evaluation, management, lifestyle considerations, and safety.",Medical Conditions,Kidney and Urinary,pending
COND-125,Recurrent Urinary Tract Infection,"What recurrent urinary tract infection is, causes, risk factors, symptoms, evaluation, management, lifestyle considerations, and safety.",Medical Conditions,Kidney and Urinary,pending
COND-126,Overactive Bladder,"What overactive bladder is, causes, risk factors, symptoms, evaluation, management, lifestyle considerations, and safety.",Medical Conditions,Kidney and Urinary,pending
COND-127,Urinary Incontinence,"What urinary incontinence is, causes, risk factors, symptoms, evaluation, management, lifestyle considerations, and safety.",Medical Conditions,Kidney and Urinary,pending
COND-128,Benign Prostatic Hyperplasia,"What benign prostatic hyperplasia is, causes, risk factors, symptoms, evaluation, management, lifestyle considerations, and safety.",Medical Conditions,Kidney and Urinary,pending
COND-129,Nocturia,"What nocturia is, causes, risk factors, symptoms, evaluation, management, lifestyle considerations, and safety.",Medical Conditions,Kidney and Urinary,pending
COND-130,Proteinuria,"What proteinuria is, causes, risk factors, symptoms, evaluation, management, lifestyle considerations, and safety.",Medical Conditions,Kidney and Urinary,pending
COND-131,Hematuria,"What hematuria is, causes, risk factors, symptoms, evaluation, management, lifestyle considerations, and safety.",Medical Conditions,Kidney and Urinary,pending
COND-132,Polycystic Kidney Disease,"What polycystic kidney disease is, causes, risk factors, symptoms, evaluation, management, lifestyle considerations, and safety.",Medical Conditions,Kidney and Urinary,pending
COND-133,Glomerulonephritis,"What glomerulonephritis is, causes, risk factors, symptoms, evaluation, management, lifestyle considerations, and safety.",Medical Conditions,Kidney and Urinary,pending
COND-134,Nephrotic Syndrome,"What nephrotic syndrome is, causes, risk factors, symptoms, evaluation, management, lifestyle considerations, and safety.",Medical Conditions,Kidney and Urinary,pending
COND-135,Kidney Cancer,"What kidney cancer is, causes, risk factors, symptoms, evaluation, management, lifestyle considerations, and safety.",Medical Conditions,Kidney and Urinary,pending
COND-136,Bladder Cancer,"What bladder cancer is, causes, risk factors, symptoms, evaluation, management, lifestyle considerations, and safety.",Medical Conditions,Kidney and Urinary,pending
COND-137,Prostatitis,"What prostatitis is, causes, risk factors, symptoms, evaluation, management, lifestyle considerations, and safety.",Medical Conditions,Kidney and Urinary,pending
COND-138,Interstitial Cystitis,"What interstitial cystitis is, causes, risk factors, symptoms, evaluation, management, lifestyle considerations, and safety.",Medical Conditions,Kidney and Urinary,pending
COND-139,Urinary Retention,"What urinary retention is, causes, risk factors, symptoms, evaluation, management, lifestyle considerations, and safety.",Medical Conditions,Kidney and Urinary,pending
COND-140,Electrolyte Disorders,"What electrolyte disorders is, causes, risk factors, symptoms, evaluation, management, lifestyle considerations, and safety.",Medical Conditions,Kidney and Urinary,pending
COND-141,Hyponatremia,"What hyponatremia is, causes, risk factors, symptoms, evaluation, management, lifestyle considerations, and safety.",Medical Conditions,Kidney and Urinary,pending
COND-142,Hypernatremia,"What hypernatremia is, causes, risk factors, symptoms, evaluation, management, lifestyle considerations, and safety.",Medical Conditions,Kidney and Urinary,pending
COND-143,Hypokalemia,"What hypokalemia is, causes, risk factors, symptoms, evaluation, management, lifestyle considerations, and safety.",Medical Conditions,Kidney and Urinary,pending
COND-144,Hyperkalemia,"What hyperkalemia is, causes, risk factors, symptoms, evaluation, management, lifestyle considerations, and safety.",Medical Conditions,Kidney and Urinary,pending
COND-145,Metabolic Acidosis,"What metabolic acidosis is, causes, risk factors, symptoms, evaluation, management, lifestyle considerations, and safety.",Medical Conditions,Kidney and Urinary,pending
COND-146,Metabolic Alkalosis,"What metabolic alkalosis is, causes, risk factors, symptoms, evaluation, management, lifestyle considerations, and safety.",Medical Conditions,Kidney and Urinary,pending
COND-147,Kidney Disease and Diabetes,"What kidney disease and diabetes is, causes, risk factors, symptoms, evaluation, management, lifestyle considerations, and safety.",Medical Conditions,Kidney and Urinary,pending
COND-148,Kidney Disease and Hypertension,"What kidney disease and hypertension is, causes, risk factors, symptoms, evaluation, management, lifestyle considerations, and safety.",Medical Conditions,Kidney and Urinary,pending
COND-149,Dialysis Basics,"What dialysis basics is, causes, risk factors, symptoms, evaluation, management, lifestyle considerations, and safety.",Medical Conditions,Kidney and Urinary,pending
COND-150,Kidney Transplant Basics,"What kidney transplant basics is, causes, risk factors, symptoms, evaluation, management, lifestyle considerations, and safety.",Medical Conditions,Kidney and Urinary,pending
COND-151,Osteoarthritis,"What osteoarthritis is, causes, risk factors, symptoms, evaluation, management, lifestyle considerations, and safety.",Medical Conditions,Musculoskeletal and Pain,pending
COND-152,Rheumatoid Arthritis,"What rheumatoid arthritis is, causes, risk factors, symptoms, evaluation, management, lifestyle considerations, and safety.",Medical Conditions,Musculoskeletal and Pain,pending
COND-153,Osteoporosis,"What osteoporosis is, causes, risk factors, symptoms, evaluation, management, lifestyle considerations, and safety.",Medical Conditions,Musculoskeletal and Pain,pending
COND-154,Osteopenia,"What osteopenia is, causes, risk factors, symptoms, evaluation, management, lifestyle considerations, and safety.",Medical Conditions,Musculoskeletal and Pain,pending
COND-155,Sarcopenia,"What sarcopenia is, causes, risk factors, symptoms, evaluation, management, lifestyle considerations, and safety.",Medical Conditions,Musculoskeletal and Pain,pending
COND-156,Frailty,"What frailty is, causes, risk factors, symptoms, evaluation, management, lifestyle considerations, and safety.",Medical Conditions,Musculoskeletal and Pain,pending
COND-157,Low Back Pain,"What low back pain is, causes, risk factors, symptoms, evaluation, management, lifestyle considerations, and safety.",Medical Conditions,Musculoskeletal and Pain,pending
COND-158,Neck Pain,"What neck pain is, causes, risk factors, symptoms, evaluation, management, lifestyle considerations, and safety.",Medical Conditions,Musculoskeletal and Pain,pending
COND-159,Sciatica,"What sciatica is, causes, risk factors, symptoms, evaluation, management, lifestyle considerations, and safety.",Medical Conditions,Musculoskeletal and Pain,pending
COND-160,Shoulder Impingement Syndrome,"What shoulder impingement syndrome is, causes, risk factors, symptoms, evaluation, management, lifestyle considerations, and safety.",Medical Conditions,Musculoskeletal and Pain,pending
COND-161,Rotator Cuff Disease,"What rotator cuff disease is, causes, risk factors, symptoms, evaluation, management, lifestyle considerations, and safety.",Medical Conditions,Musculoskeletal and Pain,pending
COND-162,Frozen Shoulder,"What frozen shoulder is, causes, risk factors, symptoms, evaluation, management, lifestyle considerations, and safety.",Medical Conditions,Musculoskeletal and Pain,pending
COND-163,Tennis Elbow,"What tennis elbow is, causes, risk factors, symptoms, evaluation, management, lifestyle considerations, and safety.",Medical Conditions,Musculoskeletal and Pain,pending
COND-164,Carpal Tunnel Syndrome,"What carpal tunnel syndrome is, causes, risk factors, symptoms, evaluation, management, lifestyle considerations, and safety.",Medical Conditions,Musculoskeletal and Pain,pending
COND-165,Hip Pain,"What hip pain is, causes, risk factors, symptoms, evaluation, management, lifestyle considerations, and safety.",Medical Conditions,Musculoskeletal and Pain,pending
COND-166,Knee Pain,"What knee pain is, causes, risk factors, symptoms, evaluation, management, lifestyle considerations, and safety.",Medical Conditions,Musculoskeletal and Pain,pending
COND-167,Patellofemoral Pain,"What patellofemoral pain is, causes, risk factors, symptoms, evaluation, management, lifestyle considerations, and safety.",Medical Conditions,Musculoskeletal and Pain,pending
COND-168,Plantar Fasciitis,"What plantar fasciitis is, causes, risk factors, symptoms, evaluation, management, lifestyle considerations, and safety.",Medical Conditions,Musculoskeletal and Pain,pending
COND-169,Achilles Tendinopathy,"What achilles tendinopathy is, causes, risk factors, symptoms, evaluation, management, lifestyle considerations, and safety.",Medical Conditions,Musculoskeletal and Pain,pending
COND-170,Ankle Sprain,"What ankle sprain is, causes, risk factors, symptoms, evaluation, management, lifestyle considerations, and safety.",Medical Conditions,Musculoskeletal and Pain,pending
COND-171,Muscle Strain,"What muscle strain is, causes, risk factors, symptoms, evaluation, management, lifestyle considerations, and safety.",Medical Conditions,Musculoskeletal and Pain,pending
COND-172,Stress Fracture,"What stress fracture is, causes, risk factors, symptoms, evaluation, management, lifestyle considerations, and safety.",Medical Conditions,Musculoskeletal and Pain,pending
COND-173,Gouty Arthritis,"What gouty arthritis is, causes, risk factors, symptoms, evaluation, management, lifestyle considerations, and safety.",Medical Conditions,Musculoskeletal and Pain,pending
COND-174,Fibromyalgia,"What fibromyalgia is, causes, risk factors, symptoms, evaluation, management, lifestyle considerations, and safety.",Medical Conditions,Musculoskeletal and Pain,pending
COND-175,Chronic Pain,"What chronic pain is, causes, risk factors, symptoms, evaluation, management, lifestyle considerations, and safety.",Medical Conditions,Musculoskeletal and Pain,pending
COND-176,Temporomandibular Joint Disorder,"What temporomandibular joint disorder is, causes, risk factors, symptoms, evaluation, management, lifestyle considerations, and safety.",Medical Conditions,Musculoskeletal and Pain,pending
COND-177,Scoliosis,"What scoliosis is, causes, risk factors, symptoms, evaluation, management, lifestyle considerations, and safety.",Medical Conditions,Musculoskeletal and Pain,pending
COND-178,Spinal Stenosis,"What spinal stenosis is, causes, risk factors, symptoms, evaluation, management, lifestyle considerations, and safety.",Medical Conditions,Musculoskeletal and Pain,pending
COND-179,Herniated Disc,"What herniated disc is, causes, risk factors, symptoms, evaluation, management, lifestyle considerations, and safety.",Medical Conditions,Musculoskeletal and Pain,pending
COND-180,Joint Hypermobility,"What joint hypermobility is, causes, risk factors, symptoms, evaluation, management, lifestyle considerations, and safety.",Medical Conditions,Musculoskeletal and Pain,pending
COND-181,Migraine,"What migraine is, causes, risk factors, symptoms, evaluation, management, lifestyle considerations, and safety.",Medical Conditions,Neurologic and Cognitive,pending
COND-182,Tension Headache,"What tension headache is, causes, risk factors, symptoms, evaluation, management, lifestyle considerations, and safety.",Medical Conditions,Neurologic and Cognitive,pending
COND-183,Cluster Headache,"What cluster headache is, causes, risk factors, symptoms, evaluation, management, lifestyle considerations, and safety.",Medical Conditions,Neurologic and Cognitive,pending
COND-184,Dizziness,"What dizziness is, causes, risk factors, symptoms, evaluation, management, lifestyle considerations, and safety.",Medical Conditions,Neurologic and Cognitive,pending
COND-185,Vertigo,"What vertigo is, causes, risk factors, symptoms, evaluation, management, lifestyle considerations, and safety.",Medical Conditions,Neurologic and Cognitive,pending
COND-186,Benign Positional Vertigo,"What benign positional vertigo is, causes, risk factors, symptoms, evaluation, management, lifestyle considerations, and safety.",Medical Conditions,Neurologic and Cognitive,pending
COND-187,Peripheral Neuropathy,"What peripheral neuropathy is, causes, risk factors, symptoms, evaluation, management, lifestyle considerations, and safety.",Medical Conditions,Neurologic and Cognitive,pending
COND-188,Carpal Tunnel Neuropathy,"What carpal tunnel neuropathy is, causes, risk factors, symptoms, evaluation, management, lifestyle considerations, and safety.",Medical Conditions,Neurologic and Cognitive,pending
COND-189,Epilepsy,"What epilepsy is, causes, risk factors, symptoms, evaluation, management, lifestyle considerations, and safety.",Medical Conditions,Neurologic and Cognitive,pending
COND-190,Parkinson Disease,"What parkinson disease is, causes, risk factors, symptoms, evaluation, management, lifestyle considerations, and safety.",Medical Conditions,Neurologic and Cognitive,pending
COND-191,Alzheimer Disease,"What alzheimer disease is, causes, risk factors, symptoms, evaluation, management, lifestyle considerations, and safety.",Medical Conditions,Neurologic and Cognitive,pending
COND-192,Mild Cognitive Impairment,"What mild cognitive impairment is, causes, risk factors, symptoms, evaluation, management, lifestyle considerations, and safety.",Medical Conditions,Neurologic and Cognitive,pending
COND-193,Vascular Dementia,"What vascular dementia is, causes, risk factors, symptoms, evaluation, management, lifestyle considerations, and safety.",Medical Conditions,Neurologic and Cognitive,pending
COND-194,Multiple Sclerosis,"What multiple sclerosis is, causes, risk factors, symptoms, evaluation, management, lifestyle considerations, and safety.",Medical Conditions,Neurologic and Cognitive,pending
COND-195,Essential Tremor,"What essential tremor is, causes, risk factors, symptoms, evaluation, management, lifestyle considerations, and safety.",Medical Conditions,Neurologic and Cognitive,pending
COND-196,Restless Legs Syndrome Neurology,"What restless legs syndrome neurology is, causes, risk factors, symptoms, evaluation, management, lifestyle considerations, and safety.",Medical Conditions,Neurologic and Cognitive,pending
COND-197,Bell Palsy,"What bell palsy is, causes, risk factors, symptoms, evaluation, management, lifestyle considerations, and safety.",Medical Conditions,Neurologic and Cognitive,pending
COND-198,Trigeminal Neuralgia,"What trigeminal neuralgia is, causes, risk factors, symptoms, evaluation, management, lifestyle considerations, and safety.",Medical Conditions,Neurologic and Cognitive,pending
COND-199,Concussion,"What concussion is, causes, risk factors, symptoms, evaluation, management, lifestyle considerations, and safety.",Medical Conditions,Neurologic and Cognitive,pending
COND-200,Traumatic Brain Injury,"What traumatic brain injury is, causes, risk factors, symptoms, evaluation, management, lifestyle considerations, and safety.",Medical Conditions,Neurologic and Cognitive,pending
COND-201,Post-Concussion Syndrome,"What post-concussion syndrome is, causes, risk factors, symptoms, evaluation, management, lifestyle considerations, and safety.",Medical Conditions,Neurologic and Cognitive,pending
COND-202,Stroke Recovery,"What stroke recovery is, causes, risk factors, symptoms, evaluation, management, lifestyle considerations, and safety.",Medical Conditions,Neurologic and Cognitive,pending
COND-203,Neuropathic Pain,"What neuropathic pain is, causes, risk factors, symptoms, evaluation, management, lifestyle considerations, and safety.",Medical Conditions,Neurologic and Cognitive,pending
COND-204,Autonomic Dysfunction,"What autonomic dysfunction is, causes, risk factors, symptoms, evaluation, management, lifestyle considerations, and safety.",Medical Conditions,Neurologic and Cognitive,pending
COND-205,POTS,"What pots is, causes, risk factors, symptoms, evaluation, management, lifestyle considerations, and safety.",Medical Conditions,Neurologic and Cognitive,pending
COND-206,Syncope,"What syncope is, causes, risk factors, symptoms, evaluation, management, lifestyle considerations, and safety.",Medical Conditions,Neurologic and Cognitive,pending
COND-207,Memory Problems,"What memory problems is, causes, risk factors, symptoms, evaluation, management, lifestyle considerations, and safety.",Medical Conditions,Neurologic and Cognitive,pending
COND-208,Brain Fog,"What brain fog is, causes, risk factors, symptoms, evaluation, management, lifestyle considerations, and safety.",Medical Conditions,Neurologic and Cognitive,pending
COND-209,Delirium,"What delirium is, causes, risk factors, symptoms, evaluation, management, lifestyle considerations, and safety.",Medical Conditions,Neurologic and Cognitive,pending
COND-210,Normal Pressure Hydrocephalus,"What normal pressure hydrocephalus is, causes, risk factors, symptoms, evaluation, management, lifestyle considerations, and safety.",Medical Conditions,Neurologic and Cognitive,pending
COND-211,Generalized Anxiety Disorder,"What generalized anxiety disorder is, causes, risk factors, symptoms, evaluation, management, lifestyle considerations, and safety.",Medical Conditions,Mental Health,pending
COND-212,Panic Disorder,"What panic disorder is, causes, risk factors, symptoms, evaluation, management, lifestyle considerations, and safety.",Medical Conditions,Mental Health,pending
COND-213,Social Anxiety Disorder,"What social anxiety disorder is, causes, risk factors, symptoms, evaluation, management, lifestyle considerations, and safety.",Medical Conditions,Mental Health,pending
COND-214,Specific Phobias,"What specific phobias is, causes, risk factors, symptoms, evaluation, management, lifestyle considerations, and safety.",Medical Conditions,Mental Health,pending
COND-215,Health Anxiety,"What health anxiety is, causes, risk factors, symptoms, evaluation, management, lifestyle considerations, and safety.",Medical Conditions,Mental Health,pending
COND-216,Depression,"What depression is, causes, risk factors, symptoms, evaluation, management, lifestyle considerations, and safety.",Medical Conditions,Mental Health,pending
COND-217,Persistent Depressive Disorder,"What persistent depressive disorder is, causes, risk factors, symptoms, evaluation, management, lifestyle considerations, and safety.",Medical Conditions,Mental Health,pending
COND-218,Bipolar Disorder,"What bipolar disorder is, causes, risk factors, symptoms, evaluation, management, lifestyle considerations, and safety.",Medical Conditions,Mental Health,pending
COND-219,Obsessive-Compulsive Disorder,"What obsessive-compulsive disorder is, causes, risk factors, symptoms, evaluation, management, lifestyle considerations, and safety.",Medical Conditions,Mental Health,pending
COND-220,Post-Traumatic Stress Disorder,"What post-traumatic stress disorder is, causes, risk factors, symptoms, evaluation, management, lifestyle considerations, and safety.",Medical Conditions,Mental Health,pending
COND-221,Adjustment Disorder,"What adjustment disorder is, causes, risk factors, symptoms, evaluation, management, lifestyle considerations, and safety.",Medical Conditions,Mental Health,pending
COND-222,Burnout,"What burnout is, causes, risk factors, symptoms, evaluation, management, lifestyle considerations, and safety.",Medical Conditions,Mental Health,pending
COND-223,Insomnia and Mental Health,"What insomnia and mental health is, causes, risk factors, symptoms, evaluation, management, lifestyle considerations, and safety.",Medical Conditions,Mental Health,pending
COND-224,Attention-Deficit Hyperactivity Disorder,"What attention-deficit hyperactivity disorder is, causes, risk factors, symptoms, evaluation, management, lifestyle considerations, and safety.",Medical Conditions,Mental Health,pending
COND-225,Eating Disorders,"What eating disorders is, causes, risk factors, symptoms, evaluation, management, lifestyle considerations, and safety.",Medical Conditions,Mental Health,pending
COND-226,Binge-Eating Disorder,"What binge-eating disorder is, causes, risk factors, symptoms, evaluation, management, lifestyle considerations, and safety.",Medical Conditions,Mental Health,pending
COND-227,Anorexia Nervosa,"What anorexia nervosa is, causes, risk factors, symptoms, evaluation, management, lifestyle considerations, and safety.",Medical Conditions,Mental Health,pending
COND-228,Bulimia Nervosa,"What bulimia nervosa is, causes, risk factors, symptoms, evaluation, management, lifestyle considerations, and safety.",Medical Conditions,Mental Health,pending
COND-229,Alcohol Use Disorder,"What alcohol use disorder is, causes, risk factors, symptoms, evaluation, management, lifestyle considerations, and safety.",Medical Conditions,Mental Health,pending
COND-230,Nicotine Dependence,"What nicotine dependence is, causes, risk factors, symptoms, evaluation, management, lifestyle considerations, and safety.",Medical Conditions,Mental Health,pending
COND-231,Cannabis Use Disorder,"What cannabis use disorder is, causes, risk factors, symptoms, evaluation, management, lifestyle considerations, and safety.",Medical Conditions,Mental Health,pending
COND-232,Opioid Use Disorder,"What opioid use disorder is, causes, risk factors, symptoms, evaluation, management, lifestyle considerations, and safety.",Medical Conditions,Mental Health,pending
COND-233,Gambling Disorder,"What gambling disorder is, causes, risk factors, symptoms, evaluation, management, lifestyle considerations, and safety.",Medical Conditions,Mental Health,pending
COND-234,Loneliness and Mental Health,"What loneliness and mental health is, causes, risk factors, symptoms, evaluation, management, lifestyle considerations, and safety.",Medical Conditions,Mental Health,pending
COND-235,Grief,"What grief is, causes, risk factors, symptoms, evaluation, management, lifestyle considerations, and safety.",Medical Conditions,Mental Health,pending
COND-236,Caregiver Burnout,"What caregiver burnout is, causes, risk factors, symptoms, evaluation, management, lifestyle considerations, and safety.",Medical Conditions,Mental Health,pending
COND-237,Suicidal Thoughts,"What suicidal thoughts is, causes, risk factors, symptoms, evaluation, management, lifestyle considerations, and safety.",Medical Conditions,Mental Health,pending
COND-238,Self-Harm Awareness,"What self-harm awareness is, causes, risk factors, symptoms, evaluation, management, lifestyle considerations, and safety.",Medical Conditions,Mental Health,pending
COND-239,Workplace Mental Health Problems,"What workplace mental health problems is, causes, risk factors, symptoms, evaluation, management, lifestyle considerations, and safety.",Medical Conditions,Mental Health,pending
COND-240,Stress-Related Disorders,"What stress-related disorders is, causes, risk factors, symptoms, evaluation, management, lifestyle considerations, and safety.",Medical Conditions,Mental Health,pending
COND-241,Endometriosis,"What endometriosis is, causes, risk factors, symptoms, evaluation, management, lifestyle considerations, and safety.",Medical Conditions,Women's and Reproductive,pending
COND-242,Uterine Fibroids,"What uterine fibroids is, causes, risk factors, symptoms, evaluation, management, lifestyle considerations, and safety.",Medical Conditions,Women's and Reproductive,pending
COND-243,Polycystic Ovary Syndrome in Women,"What polycystic ovary syndrome in women is, causes, risk factors, symptoms, evaluation, management, lifestyle considerations, and safety.",Medical Conditions,Women's and Reproductive,pending
COND-244,Premenstrual Syndrome,"What premenstrual syndrome is, causes, risk factors, symptoms, evaluation, management, lifestyle considerations, and safety.",Medical Conditions,Women's and Reproductive,pending
COND-245,Premenstrual Dysphoric Disorder,"What premenstrual dysphoric disorder is, causes, risk factors, symptoms, evaluation, management, lifestyle considerations, and safety.",Medical Conditions,Women's and Reproductive,pending
COND-246,Heavy Menstrual Bleeding,"What heavy menstrual bleeding is, causes, risk factors, symptoms, evaluation, management, lifestyle considerations, and safety.",Medical Conditions,Women's and Reproductive,pending
COND-247,Irregular Menstruation,"What irregular menstruation is, causes, risk factors, symptoms, evaluation, management, lifestyle considerations, and safety.",Medical Conditions,Women's and Reproductive,pending
COND-248,Amenorrhea,"What amenorrhea is, causes, risk factors, symptoms, evaluation, management, lifestyle considerations, and safety.",Medical Conditions,Women's and Reproductive,pending
COND-249,Dysmenorrhea,"What dysmenorrhea is, causes, risk factors, symptoms, evaluation, management, lifestyle considerations, and safety.",Medical Conditions,Women's and Reproductive,pending
COND-250,Infertility in Women,"What infertility in women is, causes, risk factors, symptoms, evaluation, management, lifestyle considerations, and safety.",Medical Conditions,Women's and Reproductive,pending
COND-251,Menopause,"What menopause is, causes, risk factors, symptoms, evaluation, management, lifestyle considerations, and safety.",Medical Conditions,Women's and Reproductive,pending
COND-252,Perimenopause,"What perimenopause is, causes, risk factors, symptoms, evaluation, management, lifestyle considerations, and safety.",Medical Conditions,Women's and Reproductive,pending
COND-253,Vaginal Atrophy,"What vaginal atrophy is, causes, risk factors, symptoms, evaluation, management, lifestyle considerations, and safety.",Medical Conditions,Women's and Reproductive,pending
COND-254,Pelvic Organ Prolapse,"What pelvic organ prolapse is, causes, risk factors, symptoms, evaluation, management, lifestyle considerations, and safety.",Medical Conditions,Women's and Reproductive,pending
COND-255,Urinary Incontinence in Women,"What urinary incontinence in women is, causes, risk factors, symptoms, evaluation, management, lifestyle considerations, and safety.",Medical Conditions,Women's and Reproductive,pending
COND-256,Breast Cancer,"What breast cancer is, causes, risk factors, symptoms, evaluation, management, lifestyle considerations, and safety.",Medical Conditions,Women's and Reproductive,pending
COND-257,Cervical Cancer,"What cervical cancer is, causes, risk factors, symptoms, evaluation, management, lifestyle considerations, and safety.",Medical Conditions,Women's and Reproductive,pending
COND-258,Ovarian Cancer,"What ovarian cancer is, causes, risk factors, symptoms, evaluation, management, lifestyle considerations, and safety.",Medical Conditions,Women's and Reproductive,pending
COND-259,Endometrial Cancer,"What endometrial cancer is, causes, risk factors, symptoms, evaluation, management, lifestyle considerations, and safety.",Medical Conditions,Women's and Reproductive,pending
COND-260,Gestational Diabetes,"What gestational diabetes is, causes, risk factors, symptoms, evaluation, management, lifestyle considerations, and safety.",Medical Conditions,Women's and Reproductive,pending
COND-261,Preeclampsia,"What preeclampsia is, causes, risk factors, symptoms, evaluation, management, lifestyle considerations, and safety.",Medical Conditions,Women's and Reproductive,pending
COND-262,Postpartum Depression,"What postpartum depression is, causes, risk factors, symptoms, evaluation, management, lifestyle considerations, and safety.",Medical Conditions,Women's and Reproductive,pending
COND-263,Postpartum Anxiety,"What postpartum anxiety is, causes, risk factors, symptoms, evaluation, management, lifestyle considerations, and safety.",Medical Conditions,Women's and Reproductive,pending
COND-264,Pelvic Floor Dysfunction,"What pelvic floor dysfunction is, causes, risk factors, symptoms, evaluation, management, lifestyle considerations, and safety.",Medical Conditions,Women's and Reproductive,pending
COND-265,Ovarian Cysts,"What ovarian cysts is, causes, risk factors, symptoms, evaluation, management, lifestyle considerations, and safety.",Medical Conditions,Women's and Reproductive,pending
COND-266,Vaginitis,"What vaginitis is, causes, risk factors, symptoms, evaluation, management, lifestyle considerations, and safety.",Medical Conditions,Women's and Reproductive,pending
COND-267,Bacterial Vaginosis,"What bacterial vaginosis is, causes, risk factors, symptoms, evaluation, management, lifestyle considerations, and safety.",Medical Conditions,Women's and Reproductive,pending
COND-268,Yeast Infection,"What yeast infection is, causes, risk factors, symptoms, evaluation, management, lifestyle considerations, and safety.",Medical Conditions,Women's and Reproductive,pending
COND-269,HPV Infection,"What hpv infection is, causes, risk factors, symptoms, evaluation, management, lifestyle considerations, and safety.",Medical Conditions,Women's and Reproductive,pending
COND-270,Female Sexual Dysfunction,"What female sexual dysfunction is, causes, risk factors, symptoms, evaluation, management, lifestyle considerations, and safety.",Medical Conditions,Women's and Reproductive,pending
COND-271,Erectile Dysfunction,"What erectile dysfunction is, causes, risk factors, symptoms, evaluation, management, lifestyle considerations, and safety.",Medical Conditions,Men's and Other Common Conditions,pending
COND-272,Male Infertility,"What male infertility is, causes, risk factors, symptoms, evaluation, management, lifestyle considerations, and safety.",Medical Conditions,Men's and Other Common Conditions,pending
COND-273,Testosterone Deficiency,"What testosterone deficiency is, causes, risk factors, symptoms, evaluation, management, lifestyle considerations, and safety.",Medical Conditions,Men's and Other Common Conditions,pending
COND-274,Gynecomastia,"What gynecomastia is, causes, risk factors, symptoms, evaluation, management, lifestyle considerations, and safety.",Medical Conditions,Men's and Other Common Conditions,pending
COND-275,Benign Prostatic Hyperplasia in Men,"What benign prostatic hyperplasia in men is, causes, risk factors, symptoms, evaluation, management, lifestyle considerations, and safety.",Medical Conditions,Men's and Other Common Conditions,pending
COND-276,Prostate Cancer,"What prostate cancer is, causes, risk factors, symptoms, evaluation, management, lifestyle considerations, and safety.",Medical Conditions,Men's and Other Common Conditions,pending
COND-277,Testicular Cancer,"What testicular cancer is, causes, risk factors, symptoms, evaluation, management, lifestyle considerations, and safety.",Medical Conditions,Men's and Other Common Conditions,pending
COND-278,Male Pattern Hair Loss,"What male pattern hair loss is, causes, risk factors, symptoms, evaluation, management, lifestyle considerations, and safety.",Medical Conditions,Men's and Other Common Conditions,pending
COND-279,Sleep Apnea in Men,"What sleep apnea in men is, causes, risk factors, symptoms, evaluation, management, lifestyle considerations, and safety.",Medical Conditions,Men's and Other Common Conditions,pending
COND-280,Gout in Men,"What gout in men is, causes, risk factors, symptoms, evaluation, management, lifestyle considerations, and safety.",Medical Conditions,Men's and Other Common Conditions,pending
COND-281,Psoriasis,"What psoriasis is, causes, risk factors, symptoms, evaluation, management, lifestyle considerations, and safety.",Medical Conditions,Men's and Other Common Conditions,pending
COND-282,Eczema,"What eczema is, causes, risk factors, symptoms, evaluation, management, lifestyle considerations, and safety.",Medical Conditions,Men's and Other Common Conditions,pending
COND-283,Acne,"What acne is, causes, risk factors, symptoms, evaluation, management, lifestyle considerations, and safety.",Medical Conditions,Men's and Other Common Conditions,pending
COND-284,Rosacea,"What rosacea is, causes, risk factors, symptoms, evaluation, management, lifestyle considerations, and safety.",Medical Conditions,Men's and Other Common Conditions,pending
COND-285,Shingles,"What shingles is, causes, risk factors, symptoms, evaluation, management, lifestyle considerations, and safety.",Medical Conditions,Men's and Other Common Conditions,pending
COND-286,Seasonal Allergies,"What seasonal allergies is, causes, risk factors, symptoms, evaluation, management, lifestyle considerations, and safety.",Medical Conditions,Men's and Other Common Conditions,pending
COND-287,Food Allergies,"What food allergies is, causes, risk factors, symptoms, evaluation, management, lifestyle considerations, and safety.",Medical Conditions,Men's and Other Common Conditions,pending
COND-288,Anaphylaxis,"What anaphylaxis is, causes, risk factors, symptoms, evaluation, management, lifestyle considerations, and safety.",Medical Conditions,Men's and Other Common Conditions,pending
COND-289,Iron Deficiency Anemia,"What iron deficiency anemia is, causes, risk factors, symptoms, evaluation, management, lifestyle considerations, and safety.",Medical Conditions,Men's and Other Common Conditions,pending
COND-290,Vitamin B12 Deficiency,"What vitamin b12 deficiency is, causes, risk factors, symptoms, evaluation, management, lifestyle considerations, and safety.",Medical Conditions,Men's and Other Common Conditions,pending
COND-291,Folate Deficiency,"What folate deficiency is, causes, risk factors, symptoms, evaluation, management, lifestyle considerations, and safety.",Medical Conditions,Men's and Other Common Conditions,pending
COND-292,Sickle Cell Disease,"What sickle cell disease is, causes, risk factors, symptoms, evaluation, management, lifestyle considerations, and safety.",Medical Conditions,Men's and Other Common Conditions,pending
COND-293,Thalassemia,"What thalassemia is, causes, risk factors, symptoms, evaluation, management, lifestyle considerations, and safety.",Medical Conditions,Men's and Other Common Conditions,pending
COND-294,Chronic Fatigue Syndrome,"What chronic fatigue syndrome is, causes, risk factors, symptoms, evaluation, management, lifestyle considerations, and safety.",Medical Conditions,Men's and Other Common Conditions,pending
COND-295,Postural Orthostatic Tachycardia Syndrome,"What postural orthostatic tachycardia syndrome is, causes, risk factors, symptoms, evaluation, management, lifestyle considerations, and safety.",Medical Conditions,Men's and Other Common Conditions,pending
COND-296,Long-Term Effects of Smoking,"What long-term effects of smoking is, causes, risk factors, symptoms, evaluation, management, lifestyle considerations, and safety.",Medical Conditions,Men's and Other Common Conditions,pending
COND-297,Alcohol-Related Health Problems,"What alcohol-related health problems is, causes, risk factors, symptoms, evaluation, management, lifestyle considerations, and safety.",Medical Conditions,Men's and Other Common Conditions,pending
COND-298,Heat Illness,"What heat illness is, causes, risk factors, symptoms, evaluation, management, lifestyle considerations, and safety.",Medical Conditions,Men's and Other Common Conditions,pending
COND-299,Dehydration,"What dehydration is, causes, risk factors, symptoms, evaluation, management, lifestyle considerations, and safety.",Medical Conditions,Men's and Other Common Conditions,pending
COND-300,Obesity-Related Health Complications,"What obesity-related health complications is, causes, risk factors, symptoms, evaluation, management, lifestyle considerations, and safety.",Medical Conditions,Men's and Other Common Conditions,pending
