module_id,title,subtitle,domain,category,status
BIO-001,What Is Health?,"Understanding health as function, resilience, and well-being",Human Biology,Health Foundations,draft-generated
BIO-002,The Human Body as an Integrated System,How biological systems communicate and cooperate,Human Biology,Systems Biology,draft-generated
BIO-003,Levels of Biological Organization,From molecules and cells to the whole person,Human Biology,Foundational Biology,draft-generated
BIO-004,Homeostasis,How the body maintains internal stability,Human Biology,Physiology,draft-generated
BIO-005,Biological Adaptation,How repeated demands change future capacity,Human Biology,Physiology,draft-generated
BIO-006,Cells,The fundamental units of human life,Human Biology,Cell Biology,draft-generated
BIO-007,The Cell Membrane,How cells control exchange and communication,Human Biology,Cell Biology,draft-generated
BIO-008,Cellular Organelles,The specialized structures that keep cells functioning,Human Biology,Cell Biology,draft-generated
BIO-009,DNA,The molecular instructions for human biology,Human Biology,Genetics,draft-generated
BIO-010,Genes and Gene Expression,How biological instructions become cellular function,Human Biology,Genetics,draft-generated
BIO-011,Proteins,"Structure, function, synthesis, and turnover in the human body",Human Biology,Biochemistry,draft-generated
BIO-012,Enzymes,How biological catalysts regulate human chemistry,Human Biology,Biochemistry,draft-generated
BIO-013,Carbohydrates,"Structure, biological roles, storage, and metabolism",Human Biology,Biochemistry,draft-generated
BIO-014,Lipids,"Fats, phospholipids, cholesterol, and cellular function",Human Biology,Biochemistry,draft-generated
BIO-015,Nucleic Acids,"DNA, RNA, nucleotides, and information transfer",Human Biology,Biochemistry,draft-generated
BIO-016,Metabolism,How the body transforms matter and energy,Human Biology,Metabolism,draft-generated
BIO-017,ATP and Cellular Energy,"How cells capture, store, and spend usable energy",Human Biology,Bioenergetics,draft-generated
BIO-018,Cellular Respiration,How nutrients and oxygen are converted into ATP,Human Biology,Bioenergetics,draft-generated
BIO-019,Mitochondria,"Energy production, signaling, quality control, and adaptation",Human Biology,Cell Biology,draft-generated
BIO-020,Cell Communication,"Receptors, signaling pathways, and coordinated cellular responses",Human Biology,Cell Biology,draft-generated
BIO-021,Cell Division,"Mitosis, cell-cycle control, growth, and tissue renewal",Human Biology,Cell Biology,draft-generated
BIO-022,Cell Death,"Apoptosis, necrosis, and controlled removal of damaged cells",Human Biology,Cell Biology,draft-generated
BIO-023,Stem Cells,"Self-renewal, differentiation, and tissue maintenance",Human Biology,Regenerative Biology,draft-generated
BIO-024,Tissue Structure and Function,How specialized cells form functional tissues,Human Biology,Histology,draft-generated
BIO-025,Epithelial Tissue,"Barriers, absorption, secretion, and protection",Human Biology,Histology,draft-generated
BIO-026,Connective Tissue,"Support, transport, repair, and structural integration",Human Biology,Histology,draft-generated
BIO-027,Muscle Tissue,"Skeletal, cardiac, and smooth muscle biology",Human Biology,Histology,draft-generated
BIO-028,Nervous Tissue,"Neurons, glial cells, and rapid information processing",Human Biology,Histology,draft-generated
BIO-029,Organs and Organ Systems,How tissues combine into coordinated functional units,Human Biology,Anatomy and Physiology,draft-generated
BIO-030,Body Cavities and Anatomical Organization,"Orientation, planes, regions, and internal compartments",Human Biology,Anatomy,draft-generated
BIO-031,The Nervous System,"Organization, signaling, sensation, movement, and control",Human Biology,Nervous System,draft-generated
BIO-032,Neurons and Electrical Signaling,"Membrane potential, action potentials, and neural transmission",Human Biology,Neuroscience,draft-generated
BIO-033,Synapses and Neurotransmitters,How neurons communicate across neural networks,Human Biology,Neuroscience,draft-generated
BIO-034,The Brain,"Major structures, functions, integration, and plasticity",Human Biology,Neuroscience,draft-generated
BIO-035,The Spinal Cord and Peripheral Nerves,"Signal pathways, reflexes, and body-wide neural control",Human Biology,Neuroscience,draft-generated
BIO-036,The Autonomic Nervous System,"Sympathetic, parasympathetic, and enteric regulation",Human Biology,Neuroscience,draft-generated
BIO-037,The Sensory Systems,How the body detects and interprets internal and external signals,Human Biology,Neuroscience,draft-generated
BIO-038,Pain Biology,"Nociception, pain perception, sensitization, and modulation",Human Biology,Neuroscience,draft-generated
BIO-039,"Learning, Memory, and Neuroplasticity",How experience changes brain structure and function,Human Biology,Neuroscience,draft-generated
BIO-040,Sleep and the Brain,"Neural regulation, sleep stages, and restorative functions",Human Biology,Neuroscience,draft-generated
BIO-041,The Endocrine System,"Hormones, glands, receptors, and long-range regulation",Human Biology,Endocrine System,draft-generated
BIO-042,Hormone Signaling,"Synthesis, transport, receptors, feedback, and clearance",Human Biology,Endocrinology,draft-generated
BIO-043,The Hypothalamus and Pituitary Gland,Central coordination of endocrine function,Human Biology,Endocrinology,draft-generated
BIO-044,Thyroid Physiology,"Thyroid hormones, metabolism, growth, and temperature regulation",Human Biology,Endocrinology,draft-generated
BIO-045,Adrenal Physiology,"Cortisol, aldosterone, catecholamines, and stress responses",Human Biology,Endocrinology,draft-generated
BIO-046,Insulin and Glucagon,Hormonal regulation of blood glucose and fuel storage,Human Biology,Endocrinology,draft-generated
BIO-047,Sex Hormones,"Estrogen, progesterone, testosterone, and systemic effects",Human Biology,Endocrinology,draft-generated
BIO-048,Growth Hormone and IGF-1,"Growth, tissue repair, metabolism, and lifespan considerations",Human Biology,Endocrinology,draft-generated
BIO-049,Calcium-Regulating Hormones,"Parathyroid hormone, vitamin D, calcitonin, and mineral balance",Human Biology,Endocrinology,draft-generated
BIO-050,Circadian Biology,"Biological clocks, light, timing, and daily physiological rhythms",Human Biology,Chronobiology,draft-generated
BIO-051,The Cardiovascular System,"Heart, blood vessels, circulation, and tissue perfusion",Human Biology,Cardiovascular System,draft-generated
BIO-052,The Heart,"Cardiac anatomy, electrical activity, and pumping function",Human Biology,Cardiovascular System,draft-generated
BIO-053,The Cardiac Cycle,"Filling, contraction, pressure, and blood movement",Human Biology,Cardiovascular Physiology,draft-generated
BIO-054,Heart Rate and Rhythm,"Pacemakers, conduction, autonomic control, and variability",Human Biology,Cardiovascular Physiology,draft-generated
BIO-055,Blood Vessels,"Arteries, veins, capillaries, and vascular function",Human Biology,Cardiovascular System,draft-generated
BIO-056,Blood Pressure,"Determinants, regulation, measurement, and physiological meaning",Human Biology,Cardiovascular Physiology,draft-generated
BIO-057,Blood Flow and Tissue Perfusion,How circulation delivers oxygen and nutrients to tissues,Human Biology,Cardiovascular Physiology,draft-generated
BIO-058,The Endothelium,"Vascular signaling, barrier function, and blood-flow regulation",Human Biology,Vascular Biology,draft-generated
BIO-059,Blood,"Plasma, blood cells, transport, defense, and clotting",Human Biology,Hematology,draft-generated
BIO-060,Hemostasis and Blood Clotting,How the body limits bleeding while preserving circulation,Human Biology,Hematology,draft-generated
BIO-061,The Respiratory System,"Airflow, gas exchange, and respiratory regulation",Human Biology,Respiratory System,draft-generated
BIO-062,Lung Anatomy and Ventilation,How air moves into and out of the lungs,Human Biology,Respiratory Physiology,draft-generated
BIO-063,Gas Exchange,Oxygen and carbon dioxide transfer across the lungs and tissues,Human Biology,Respiratory Physiology,draft-generated
BIO-064,Oxygen Transport,"Hemoglobin, blood oxygen content, and tissue delivery",Human Biology,Respiratory Physiology,draft-generated
BIO-065,Carbon Dioxide and Acid-Base Balance,Respiratory control of pH and carbon dioxide removal,Human Biology,Respiratory Physiology,draft-generated
BIO-066,Control of Breathing,"Brainstem, chemoreceptors, mechanics, and behavioral influences",Human Biology,Respiratory Physiology,draft-generated
BIO-067,Exercise and Respiratory Adaptation,How breathing and gas exchange respond to physical activity,Human Biology,Exercise Physiology,draft-generated
BIO-068,The Digestive System,"Digestion, absorption, motility, and gastrointestinal regulation",Human Biology,Digestive System,draft-generated
BIO-069,"The Mouth, Esophagus, and Swallowing",Mechanical processing and safe movement of food,Human Biology,Digestive Physiology,draft-generated
BIO-070,The Stomach,"Storage, mixing, acid secretion, and protein digestion",Human Biology,Digestive Physiology,draft-generated
BIO-071,The Small Intestine,Digestion and absorption of nutrients,Human Biology,Digestive Physiology,draft-generated
BIO-072,The Large Intestine,"Water balance, stool formation, and microbial metabolism",Human Biology,Digestive Physiology,draft-generated
BIO-073,The Liver,"Metabolism, detoxification, storage, synthesis, and bile production",Human Biology,Hepatology,draft-generated
BIO-074,The Gallbladder and Bile,"Fat digestion, bile storage, and enterohepatic circulation",Human Biology,Digestive Physiology,draft-generated
BIO-075,The Pancreas,"Digestive enzymes, bicarbonate, insulin, and glucagon",Human Biology,Digestive and Endocrine Physiology,draft-generated
BIO-076,The Gut Microbiome,"Microbial ecology, metabolism, immunity, and host interactions",Human Biology,Microbiome,draft-generated
BIO-077,The Intestinal Barrier,"Epithelial integrity, permeability, immunity, and nutrient exchange",Human Biology,Gastrointestinal Biology,draft-generated
BIO-078,The Urinary System,"Kidneys, urine formation, and internal chemical balance",Human Biology,Urinary System,draft-generated
BIO-079,Kidney Structure and Filtration,"Nephrons, glomeruli, and the first stage of urine formation",Human Biology,Renal Physiology,draft-generated
BIO-080,Tubular Reabsorption and Secretion,How kidneys conserve needed substances and remove waste,Human Biology,Renal Physiology,draft-generated
BIO-081,Fluid and Electrolyte Balance,"Water, sodium, potassium, and osmotic regulation",Human Biology,Renal Physiology,draft-generated
BIO-082,Acid-Base Regulation,"How lungs, kidneys, and buffers maintain physiological pH",Human Biology,Renal and Respiratory Physiology,draft-generated
BIO-083,Hydration and Thirst,"Fluid needs, thirst signaling, dehydration, and overhydration",Human Biology,Fluid Balance,draft-generated
BIO-084,The Immune System,"Innate and adaptive defense, surveillance, and regulation",Human Biology,Immune System,draft-generated
BIO-085,Innate Immunity,"Barriers, inflammation, phagocytes, and rapid defense",Human Biology,Immunology,draft-generated
BIO-086,Adaptive Immunity,"B cells, T cells, antibodies, and immune memory",Human Biology,Immunology,draft-generated
BIO-087,Inflammation,"Protective responses, resolution, and chronic dysregulation",Human Biology,Immunology,draft-generated
BIO-088,The Lymphatic System,"Fluid return, immune transport, and lymphoid tissues",Human Biology,Immune and Lymphatic Systems,draft-generated
BIO-089,Vaccination and Immune Memory,How controlled antigen exposure builds protection,Human Biology,Immunology,draft-generated
BIO-090,Immune Tolerance and Autoimmunity,How the immune system distinguishes self from threat,Human Biology,Immunology,draft-generated
BIO-091,The Musculoskeletal System,"Bones, joints, muscles, tendons, and coordinated movement",Human Biology,Musculoskeletal System,draft-generated
BIO-092,Skeletal Muscle,"Structure, contraction, metabolism, and adaptation",Human Biology,Muscle Physiology,draft-generated
BIO-093,Muscle Contraction,"Actin, myosin, calcium, ATP, and force production",Human Biology,Muscle Physiology,draft-generated
BIO-094,Muscle Fiber Types,"Contractile properties, metabolism, fatigue, and training responses",Human Biology,Muscle Physiology,draft-generated
BIO-095,Bone Biology,"Structure, remodeling, mineral storage, and mechanical strength",Human Biology,Bone Biology,draft-generated
BIO-096,Joints and Cartilage,"Movement, stability, lubrication, and load distribution",Human Biology,Musculoskeletal Biology,draft-generated
BIO-097,"Tendons, Ligaments, and Fascia","Force transfer, joint stability, and connective-tissue adaptation",Human Biology,Connective Tissue Biology,draft-generated
BIO-098,Movement Control,"Motor units, coordination, balance, and proprioception",Human Biology,Movement Science,draft-generated
BIO-099,Exercise Adaptation,"How repeated training changes strength, endurance, and function",Human Biology,Exercise Physiology,draft-generated
BIO-100,Recovery and Physiological Resilience,"How the body repairs, restores, and builds future capacity",Human Biology,Recovery and Adaptation,draft-generated
